Name,Category,Latitude,Longitude,Address,Notes,Google Maps Link,Wikipedia Link,Bruno's Favorite
Calouste Gulbenkian Museum,Museums,38.7378124,-9.1535455,"Av. de Berna 45A, 1067-001 Lisboa","One of Europe's great small museums, ancient to modern art in a beautiful garden.",https://www.google.com/maps/place/?q=place_id:ChIJNTZ10A0zGQ0ROwhyCh2mkwg,https://en.wikipedia.org/wiki/Calouste_Gulbenkian_Museum,
MAAT - Museum of Art Architecture and Technology,Museums,38.6958561,-9.193312,"Av. Brasilia, 1300-598 Lisboa","Riverside contemporary art museum, striking building, great at sunset.",https://www.google.com/maps/place/?q=place_id:ChIJkfTl003LHg0RxFtZGUxQE8s,"https://en.wikipedia.org/wiki/Museum_of_Art,_Architecture_and_Technology",
Museu Nacional do Azulejo,Museums,38.7250559,-9.113539,"R. Me. Deus 4, 1900-312 Lisboa","Portugal's tile museum inside a former convent, includes a huge pre-earthquake Lisbon tile panel.",https://www.google.com/maps/place/?q=place_id:ChIJX6FT2ugzGQ0RKLxFhkpvHbM,https://en.wikipedia.org/wiki/National_Museum_of_the_Azulejo,
Museu Nacional de Arte Antiga,Museums,38.7048412,-9.1614643,"R. das Janelas Verdes, 1249-017 Lisboa","Portugal's top collection of paintings and sculpture, with a lovely river-view garden and cafe.",https://www.google.com/maps/place/?q=place_id:ChIJGXuOYpk0GQ0RJCutP__xMsk,https://en.wikipedia.org/wiki/National_Museum_of_Ancient_Art,
Torre de Belem,Monuments,38.6915837,-9.2159773,"Av. Brasilia, 1400-038 Lisboa",UNESCO-listed 16th-century tower on the Tagus.,https://www.google.com/maps/place/?q=place_id:ChIJS5zCw0LLHg0RP1FSz63cAjA,https://en.wikipedia.org/wiki/Belém_Tower,Yes
Mosteiro dos Jeronimos,Monuments,38.6978909,-9.2067039,"Praca do Imperio, 1400-206 Lisboa","Manueline masterpiece, burial site of Vasco da Gama.",https://www.google.com/maps/place/?q=place_id:ChIJS5zCw0LLHg0R7euWjjRddYc,https://en.wikipedia.org/wiki/Jerónimos_Monastery,Yes
Padrao dos Descobrimentos,Monuments,38.6935973,-9.2057115,"Av. Brasilia, 1400-038 Lisboa","Monument to the Age of Discovery, riverside promenade.",https://www.google.com/maps/place/?q=place_id:ChIJScpeDUTLHg0RGeb5iw7wSH8,https://en.wikipedia.org/wiki/Monument_of_the_Discoveries,Yes
Castelo de Sao Jorge,Monuments,38.7139092,-9.1334762,"R. de Santa Cruz do Castelo, 1100-129 Lisboa",Moorish hilltop castle with the best panoramic views over the city.,https://www.google.com/maps/place/?q=place_id:ChIJm8MOtHc0GQ0R1zPkmUFwwLQ,https://en.wikipedia.org/wiki/São_Jorge_Castle,Yes
Cristo Rei,Monuments,38.6786319,-9.1713326,"Av. do Cristo Rei, 2800-058 Almada","Christ the King statue across the river, sweeping views of Lisbon and the bridge.",https://www.google.com/maps/place/?q=place_id:ChIJPcfcnuc0GQ0Rgerp5o_yC2Q,https://en.wikipedia.org/wiki/Christ_the_King_(Almada),
Palacio Nacional da Pena,Monuments,38.7875851,-9.3906089,"Estrada da Pena, 2710-609 Sintra","Fantastical hilltop palace, the icon of Sintra.",https://www.google.com/maps/place/?q=place_id:ChIJZ1qc8r_aHg0RWDtny30aJ3c,https://en.wikipedia.org/wiki/Pena_Palace,
Quinta da Regaleira,Monuments,38.7963069,-9.3960244,2710-567 Sintra,Mystical estate with the famous Initiation Well and hidden tunnels.,https://www.google.com/maps/place/?q=place_id:ChIJe9TGZMLaHg0RI2WK1BbF4b8,https://en.wikipedia.org/wiki/Quinta_da_Regaleira,
Parque Eduardo VII,Parks,38.7267017,-9.1540483,1070-051 Lisboa,"Lisbon's grand central park; hosts the Feira do Livro de Lisboa (Book Fair) every year, roughly late May to mid June (2026 edition: 27 May - 14 June).",https://www.google.com/maps/place/?q=place_id:ChIJ9URKb3EzGQ0RdS9ECoVzGS0,https://en.wikipedia.org/wiki/Edward_VII_Park,
Praia de Carcavelos,Beaches,38.6795953,-9.3360168,"Carcavelos, Portugal","Wide easy-access beach on the Cascais train line, good for surfing and families.",https://www.google.com/maps/place/?q=place_id:ChIJzXDc38LIHg0RCSZHP0qTHFs,,
Praia do Guincho,Beaches,38.7324707,-9.4724771,"Praia do Guincho, Portugal","Wild Atlantic beach near Cascais, dunes, wind and kite surfing, stunning sunsets.",https://www.google.com/maps/place/?q=place_id:ChIJ8R8Kq3bDHg0Rl1Y1RJkjn9I,https://en.wikipedia.org/wiki/Praia_do_Guincho,
Praia da Adraga,Beaches,38.8042525,-9.4848076,"Praia da Adraga, Portugal","Wild Sintra coast beach with cliffs and a sea cave, less crowded.",https://www.google.com/maps/place/?q=place_id:ChIJk1opavHcHg0RfoX0sBrz70w,,
Cabo da Roca,Beaches,38.7804282,-9.4989171,"Estrada do Cabo da Roca, 2705-001 Colares","Westernmost point of continental Europe, dramatic cliffs.",https://www.google.com/maps/place/?q=place_id:ChIJjUNdI8DaHg0Rr7P8mKjYOpU,https://en.wikipedia.org/wiki/Cabo_da_Roca,
Bairro Alto Hotel,Places to Stay,38.7102778,-9.1433333,"Praca Luis de Camoes 2, 1200-243 Lisboa","Chic hotel right in the historic center, rooftop bar with castle views.",https://www.google.com/maps/place/?q=place_id:ChIJr78TU340GQ0RAEUOr_Glzgw,,
Memmo Alfama Hotel,Places to Stay,38.7102204,-9.1305785,"Tv. das Merceeiras 27, 1100-348 Lisboa",Boutique hotel tucked into Alfama with an unbeatable rooftop terrace.,https://www.google.com/maps/place/?q=place_id:ChIJh_wV6nY0GQ0R4zelsyqGUxc,,
Miradouro da Senhora do Monte,Parks,38.7192091,-9.1327772,"Lg do Monte, 1170-253 Lisboa","The highest and best viewpoint in Lisbon, best at sunset.",https://www.google.com/maps/place/?q=place_id:ChIJV32DNI8zGQ0R9GqiWeuNH2E,,
Cervejaria Ramiro,Food and Hangouts,38.720257,-9.1357429,"Av. Alm. Reis 1H, 1150-007 Lisboa","Legendary seafood spot, book ahead.",https://www.google.com/maps/place/?q=place_id:ChIJ-R6VlIUzGQ0RX8x1jtg9lh0,,
LX Factory,Food and Hangouts,38.7034602,-9.1787831,"R. Rodrigues de Faria 103, 1300-501 Lisboa","Old factory turned creative hub with shops, murals and cafes under the 25 de Abril bridge.",https://www.google.com/maps/place/?q=place_id:ChIJ5dveYa80GQ0RrEP1FKqq6zM,,
Time Out Market,Food and Hangouts,38.7070608,-9.1456691,"Mercado da Ribeira, Av. 24 de Julho, 1200-479 Lisboa",Food hall gathering some of the city's best kitchens under one roof.,https://www.google.com/maps/place/?q=place_id:ChIJdWBeWYc0GQ0RktxySU7hjxM,https://en.wikipedia.org/wiki/Time_Out_Market_Lisboa,
Pasteis de Belem,Food and Hangouts,38.6975105,-9.2032276,"R. de Belem 84-92, 1300-085 Lisboa","The original pastel de nata, since 1837.",https://www.google.com/maps/place/?q=place_id:ChIJW3H9LkXLHg0RZZZttMb27_8,,
Santo António & Festas de Lisboa,Festivals & Events,38.7205373,-9.1459023,"Avenida da Liberdade (Marchas Populares parade), Lisboa","All June, peak night 12-13 June. Lisbon's patron saint festival - arraiais (street parties) with grilled sardines across Alfama, Mouraria, Graça and Bairro Alto, plus the Marchas Populares costume parade down Avenida da Liberdade.","https://www.google.com/maps/search/?api=1&query=38.7205373,-9.1459023",,
Carnaval de Torres Vedras,Festivals & Events,39.0788156,-9.2342196,Torres Vedras (about 50 min from Lisbon),"February (movable, follows Carnival). Billed as the most authentically Portuguese Carnival - free entry, satirical floats and matrafonas.","https://www.google.com/maps/search/?api=1&query=39.0788156,-9.2342196",,
Feira do Livro de Lisboa (Book Fair),Festivals & Events,38.7267017,-9.1540483,"Parque Eduardo VII, Lisboa","Late May - mid June. Free entry, hundreds of publisher pavilions, author signings, open-air cinema.",https://www.google.com/maps/place/?q=place_id:ChIJ9URKb3EzGQ0RdS9ECoVzGS0,,
Rock in Rio Lisboa,Festivals & Events,38.7855874,-9.0928626,"Parque do Tejo, Parque das Nações, Lisboa","Biennial (even years), late June. Multi-day City of Rock with several stages.","https://www.google.com/maps/search/?api=1&query=38.7855874,-9.0928626",,
NOS Alive,Festivals & Events,38.6988292,-9.2396705,"Passeio Marítimo de Algés, Oeiras",Early-to-mid July. Lisbon's flagship indie/rock/alternative festival on the riverfront.,"https://www.google.com/maps/search/?api=1&query=38.6988292,-9.2396705",,
Peixe em Lisboa (food festival),Festivals & Events,38.707771,-9.1377517,"Pátio da Galé, Praça do Comércio, Lisboa",April. Gastronomy festival celebrating fish and seafood with pop-up restaurants from top chefs.,"https://www.google.com/maps/search/?api=1&query=38.707771,-9.1377517",,
Rossio Christmas Market,Festivals & Events,38.7138802,-9.139051,"Praça Dom Pedro IV (Rossio), Lisboa","Mid-November - late December. Wooden chalets, mulled wine, roasted chestnuts, electric Christmas train.","https://www.google.com/maps/search/?api=1&query=38.7138802,-9.139051",,
Wonderland Lisboa,Festivals & Events,38.7267017,-9.1540483,"Parque Eduardo VII, Lisboa","Late November - early January. Lisbon's big Christmas market: Ferris wheel, ice rink, 100+ stalls, free entry.",https://www.google.com/maps/place/?q=place_id:ChIJ9URKb3EzGQ0RdS9ECoVzGS0,,
New Year's Eve Fireworks,Festivals & Events,38.7072828,-9.1363613,"Praça do Comércio, Lisboa","31 December, midnight. Free fireworks over the Tagus plus concerts - Lisbon's biggest countdown.","https://www.google.com/maps/search/?api=1&query=38.7072828,-9.1363613",,
Cascais Old Town & Marina,Cascais & Sintra,38.6920803,-9.4191835,Cascais,"Former fishing village turned elegant resort town - cobbled streets, yacht marina, 33 to 40 minute train from Cais do Sodre.",https://www.google.com/maps/place/?q=place_id:ChIJmaqD337FHg0RI9s4IV2qTMY,,
Boca do Inferno,Cascais & Sintra,38.6913117,-9.4306866,"Av. Rei Humberto II de Italia, Cascais","Hell's Mouth - dramatic cliffs and rock arch where the Atlantic crashes through. Free, short walk from Cascais center.",https://www.google.com/maps/place/?q=place_id:ChIJQaGBiCDEHg0RO2cxBXOEkRo,,
Casa das Historias Paula Rego,Cascais & Sintra,38.6950163,-9.4242764,"Av. da Republica 300, Cascais",Striking pyramid-towered museum dedicated to painter Paula Rego.,https://www.google.com/maps/place/?q=place_id:ChIJ5-AfEybEHg0RbTld9js-QwI,,
National Palace of Sintra,Cascais & Sintra,38.7976627,-9.3906554,"Largo Rainha Dona Amelia, Sintra","Palace in Sintra's old town with two giant conical chimneys, a medieval royal residence.",https://www.google.com/maps/place/?q=place_id:ChIJjUNdI8DaHg0RgBanweCmwHQ,https://en.wikipedia.org/wiki/Sintra_National_Palace,
Sintra Historic Center,Cascais & Sintra,38.7970531,-9.3905666,Sintra,"Fairy-tale UNESCO hill town, base for Pena Palace and Quinta da Regaleira.",https://www.google.com/maps/place/?q=place_id:ChIJA5gcEDTbHg0RVGbP3ycphAo,,
Costa da Caparica,Beaches,38.5484832,-9.20728,"Costa da Caparica, across the Tagus","Lisbon's own beach, on the other side of the river: a very long stretch of Atlantic sand that guides measure at anywhere from 15 to 30 km. You do not need a car. Take the ferry from Cais do Sodré to Cacilhas and then a bus, or a direct bus over the bridge; allow about 45 to 60 minutes either way. In summer (June to September) a little tourist train, the Transpraia, runs along the southern beaches.",https://www.google.com/maps/place/?q=place_id:ChIJMXtwjqO0Hg0RiuA1DY73s9M,,
Obidos,Around,39.3635196,-9.1569821,Obidos (about 1h from Lisbon),Walled medieval hilltop town. Hosts the International Chocolate Festival every March.,https://www.google.com/maps/place/?q=place_id:ChIJd-g-z5G0GA0RtObZOV3qsJc,,
Luvaria Ulisses,From the Video 🎥,38.7123617,-9.1397272,"R. do Carmo 87A, Chiado","Tiny glove shop since 1925, last bespoke leather glove maker in Portugal. Featured in Michael Portillo's Lisbon episode.",https://www.google.com/maps/place/?q=place_id:ChIJ4ZIOsXg0GQ0RnQVQEww9-1U,,
Mercado de Campo de Ourique,From the Video 🎥,38.7163117,-9.1667393,"R. Coelho da Rocha 47, Campo de Ourique","Local food hall, less touristy than Time Out Market. Featured in Michael Portillo's Lisbon episode.",https://www.google.com/maps/place/?q=place_id:ChIJFfe5foEzGQ0RRsM8qXffSEo,,
O Melhor Bolo de Chocolate do Mundo,From the Video 🎥,38.7163701,-9.167294,"R. Ten. Ferreira Durao 62A, Campo de Ourique","The World's Best Chocolate Cake, tiny shop near the market. Featured in Michael Portillo's Lisbon episode.",https://www.google.com/maps/place/?q=place_id:ChIJzVRiU2czGQ0R0UU6wV06K-w,,
Fabrica Sant'Anna,From the Video 🎥,38.7094282,-9.1434388,"Largo Barao Quintela 4, Chiado","Lisbon's oldest working tile workshop, since 1741. Featured in Michael Portillo's Lisbon episode.",https://www.google.com/maps/place/?q=place_id:ChIJZ5oLXH40GQ0RY7lUxC8i6QY,,
Bonjardim (Rei dos Frangos),From the Video 🎥,38.715904,-9.1405964,Tv. de Santo Antao 11,Lisbon's most famous piri-piri chicken since the 1950s. Featured in Michael Portillo's Lisbon episode.,https://www.google.com/maps/place/?q=place_id:ChIJB0wsKIEzGQ0RHsU0tgF4b-w,,
Hotel Palacio Estoril,From the Video 🎥,38.7047728,-9.3962742,"Estoril, Cascais","Grand hotel where Ian Fleming stayed in 1941, inspiration for James Bond/Casino Royale. Featured in Michael Portillo's Lisbon episode.",https://www.google.com/maps/place/?q=place_id:ChIJweCBlcTFHg0RSrRfIDXIf_M,,
"Rua dos Cegos, 20-22",Pre-1755 Survivors,38.7133449,-9.1309551,Alfama,"16th-century house, already ~200 years old by 1755. Projecting upper floor (andar de ressalto), devotional tile panel on facade (early-20th-century copy of the 17th-century original).",https://www.google.com/maps/place/?q=place_id:ChIJiVA4O3Y0GQ0RSWrGcOgx-A8,,
Casa das Varandas - Rua dos Bacalhoeiros 8,Pre-1755 Survivors,38.7090025,-9.1324405,"Rua dos Bacalhoeiros 8, near Casa dos Bicos","Parts predate 1755; damaged in the earthquake, rebuilt, damaged again by an 1781 fire, altered further in the 19th century.",https://www.google.com/maps/place/?q=place_id:ChIJq6oaMXc0GQ0RktIrQYhsKcE,,
Beco de Sao Miguel,Pre-1755 Survivors,38.7110229,-9.1296969,"Beside the Church of Sao Miguel, Alfama",Five-storey house with a dramatic overhanging upper floor - original wooden supports still visible underneath.,https://www.google.com/maps/place/?q=place_id:ChIJtVVhhXY0GQ0RS_tGTAUydmY,,
Rua da Atalaia,Pre-1755 Survivors,38.7125568,-9.1449706,Bairro Alto,"Narrow, unusually tall 17th-century house, six storeys under a pointed pitched roof.",https://www.google.com/maps/place/?q=place_id:ChIJofMc_H80GQ0Rjnz1F11k2gA,,
"Largo do Chafariz de Dentro, 32-33",Pre-1755 Survivors,38.7112266,-9.1278692,Alfama,"Four-storey house on an ordinary Alfama square, probably 17th-century, with projecting upper floors.",https://www.google.com/maps/place/?q=place_id:ChIJDbsQMXQ0GQ0RSUCgE2EyxB0,,
Praia da Rainha,Beaches,38.6178621,-9.2142536,South of Costa da Caparica town,"Further south than the town beaches and wilder, popular for swimming and surfing. In summer the Transpraia train stops along this stretch; otherwise go by car or taxi. Car helps.",https://www.google.com/maps/place/?q=place_id:ChIJq35rGGe1Hg0RwgR4E1zDz1A,,
Fonte da Telha,Beaches,38.5733333,-9.1969444,Far south end of the Caparica coast,"The quiet end of the strip: an old fishing-village feel, beach bars serving grilled fish, fishermen working the sand and a good sunset. A bus runs here from Cacilhas, so a car is not required, but one makes the day easier. Car helps.",https://www.google.com/maps/place/?q=place_id:ChIJawaRIc60Hg0RxwaucPtoP5A,,
Praia do Portinho da Arrábida,Beaches,38.4800732,-8.978538499999999,"Arrábida Natural Park, about 50 minutes by car","A sheltered cove with clear, calm water below the green cliffs of Arrábida. Summer rules matter: from roughly early June to mid-September (the dates shift each year), private cars are kept off the access road during the day. Park at Creiro and take the shuttle, or take the train to Setúbal and a shuttle bus from there. Outside summer there are no restrictions, and September is a good month to go. Car helps.",https://www.google.com/maps/place/?q=place_id:ChIJE7p1vi1FGQ0RcIHFJeN7nOc,,
Cabo Espichel,Around,38.4144444,-9.222777800000001,"End of the Setúbal peninsula, near Sesimbra","A windswept cape with steep cliffs, the Nossa Senhora do Cabo sanctuary, a lighthouse and fossil dinosaur footprints nearby. Sunset is the favorite time to go. Few visitors make it out here. Car helps.",https://www.google.com/maps/place/?q=place_id:ChIJseyIseKsHg0RQN9kTVt1B1g,,
Parque Florestal de Monsanto,Local Lisbon,38.7235491,-9.1917632,"Monsanto, west Lisbon","Lisbon's green lung: a big forest park with viewpoints, walking and cycling trails, picnic areas and playgrounds. Locals come here to run, bike and escape the city. It is large, so a bike, e-scooter or car lets you see much more of it. Car helps.",https://www.google.com/maps/place/?q=place_id:ChIJF9IfO8zMHg0Ruh60BZnTq3E,,
Águas Livres Aqueduct,Local Lisbon,38.7265505,-9.1665281,"Calçada da Quintinha 6, Campolide","An 18th-century aqueduct that came through the 1755 earthquake almost undamaged. You can walk along the top, about a kilometre over 35 arches, with views across the Alcântara valley. A good head for heights helps. It is closed on Mondays, and there is a small entry fee, so check the hours first. Bus 702 from Marquês de Pombal gets you close, or take a taxi.",https://www.google.com/maps/place/?q=place_id:ChIJw3OwjmkzGQ0RS6X9CykgE4Y,https://en.wikipedia.org/wiki/Águas_Livres_Aqueduct,
Amoreiras Towers and 360° viewpoint,Local Lisbon,38.7236016,-9.1614515,Av. Eng. Duarte Pacheco,"Three mirrored postmodern towers from the 1980s by the architect Tomás Taveira, with a shopping center at the base. Take the lift from the mall to the open rooftop on Tower 1, about 170 m up, for a 360-degree view of the river, the bridges and the castle. It is a good place for sunset, and there is a small entry fee.",https://www.google.com/maps/place/?q=place_id:ChIJS9mASG8zGQ0RD27uDdjNSfo,,
Avenida de Roma,Local Lisbon,38.7491745,-9.1419307,Alvalade,"An everyday Lisbon avenue about 2 km long, lined mostly with buildings from the Estado Novo era, old pastry shops and cafés, bookshops and independent stores. There are no sights, just a good look at how locals shop and have coffee. Roma metro station (green line) is on the avenue.",https://www.google.com/maps/place/?q=place_id:ChIJiTgJZKkzGQ0R3THLXldrBxM,,
Tram 28,Monuments,38.7152423,-9.1360784,Pin shows the Martim Moniz terminus,"A vintage yellow tram that climbs through Graça, Alfama, Baixa, Chiado and Estrela and ends in Campo de Ourique, about 45 to 55 minutes end to end. It is ordinary public transport, so it is packed, and a pickpocket target, from about 10:00 to 18:00. Ride early or after 18:00, and to get a seat, board at the Campo de Ourique end instead of Martim Moniz. Tram 12 covers the Alfama stretch in about 25 minutes if you are short on time.",https://www.google.com/maps/place/?q=place_id:ChIJb9ykN0QzGQ0RVCVqd9U3kpI,,Yes
Santa Justa Lift (Elevador de Santa Justa),Monuments,38.7121301,-9.1394297,"R. de Santa Justa, Baixa","A neo-Gothic iron lift from 1902, about 45 m tall, that links the Baixa with the Carmo square above. It was designed by Raoul Mesnier du Ponsard, who studied under Gustave Eiffel. The queue for the ride is often long, but the terrace at the top, next to the ruins of the Carmo Convent that the 1755 earthquake left roofless, has the same view.",https://www.google.com/maps/place/?q=place_id:ChIJL42Kt3g0GQ0RfGlw4GJ8FOE,https://en.wikipedia.org/wiki/Santa_Justa_Lift,Yes
Oceanário de Lisboa,Museums,38.7635435,-9.0937415,"Esplanada Dom Carlos I, Parque das Nações","A large oceanarium built for Expo 98 and designed by Peter Chermayeff, with one huge central tank that you circle twice on your way through. It works for kids and adults alike. Google lists it as open 10:00 to 19:00, so check before you go.",https://www.google.com/maps/place/?q=place_id:ChIJCVgOdYMxGQ0RMOFiOmcuP5g,https://en.wikipedia.org/wiki/Lisbon_Oceanarium,Yes
Parque das Nações,Parks,38.7686316,-9.095858,"East Lisbon, the Expo 98 area","The modern riverside district built on former industrial land for the 1998 world fair. Walk the waterfront promenade and gardens, ride the cable car (about 12 minutes along the river), look at Calatrava's Oriente station and Siza's Portugal Pavilion, and end at the Vasco da Gama Bridge. The Oceanário is here too, and the red metro line goes straight to Oriente.",https://www.google.com/maps/place/?q=place_id:ChIJa-MuBYkxGQ0Rbp63LPEbsj0,https://en.wikipedia.org/wiki/Parque_das_Nações,Yes
Restelo Hermitage (Ermida de São Jerónimo),Monuments,38.7013356,-9.2137376,"Praça de Itália, Restelo","A small Manueline chapel from the early 16th century, and a National Monument, on the hill above Belém. It is much quieter than the monuments by the river. The grounds are open, though trees block part of the view, and the inside is usually closed except for services.",https://www.google.com/maps/place/?q=place_id:ChIJ4UnrR2fLHg0RqJSLJo1ukIA,https://en.wikipedia.org/wiki/Restelo_Hermitage,Yes
